Location ID,External Merchant Number,DBA Name,Currency Code,Description,Submit Date,Trans Count,Trans Amount,Interchange Expense,Rate
2.67529E+11,,FASTWAY #3 TACO BELL,USD,008  DSCVR PSL EXP SVC RW,5/27/2013,3,22.44,0.4377,   1.9500% +    .0000
2.67529E+11,,FASTWAY #3 TACO BELL,USD,M667  MC-SMALL TICKET (DB),5/27/2013,24,189.66,3.9001,   1.5500% +    .0400
2.67529E+11,,FASTWAY #3 TACO BELL,USD,M668  MC-RESTAURANT (DB),5/27/2013,2,43.15,0.7135,   1.1900% +    .1000
2.67529E+11,,FASTWAY #3 TACO BELL,USD,M681  MC-KEY ENTERED (DB),5/27/2013,1,9.41,0.3006,   1.6000% +    .1500
2.67529E+11,,FASTWAY #3 TACO BELL,USD,MN01  MC-REG INCENTIVE POS (DB),5/27/2013,2,21.49,0.4307,   0.0500% +    .2100
2.67529E+11,,FASTWAY #3 TACO BELL,USD,MN02  MC-REG INCENT FRF ADJ POS (DB),5/27/2013,1,5.98,0.223,   0.0500% +    .2200
2.67529E+11,,FASTWAY #3 TACO BELL,USD,V047  VI-CPS/SMALL TICKET,5/27/2013,1,6.51,0.1474,   1.6500% +    .0400
2.67529E+11,,FASTWAY #3 TACO BELL,USD,V647  VI-CPS SMALL TICKET (DB),5/27/2013,15,127.92,2.5828,   1.5500% +    .0400
2.67529E+11,,FASTWAY #3 TACO BELL,USD,V654  VI-CPS/RESTAURANT (DB),5/27/2013,5,88.57,1.5541,   1.1900% +    .1000
2.67529E+11,,FASTWAY #3 TACO BELL,USD,VN01  VI-US REGULATED (DB),5/27/2013,2,34.54,0.4573,   0.0500% +    .2200
2.67529E+11,,FASTWAY #3 TACO BELL,USD,VN02  VI-US CPS/SMALL TCKT REG (DB),5/27/2013,10,63.82,2.2319,   0.0500% +    .2200
2.67529E+11,,FASTWAY #3 TACO BELL,USD,VP47  VI-CPS SMALL TICKET (PP),5/27/2013,4,31.9,0.7104,   1.6000% +    .0500
2.67529E+11,,FASTWAY #3 TACO BELL,USD,008  DSCVR PSL EXP SVC RW,5/28/2013,1,10.44,0.2036,   1.9500% +    .0000
2.67529E+11,,FASTWAY #3 TACO BELL,USD,M009  MC-DOMESTIC MERIT III,5/28/2013,1,6.75,0.2067,   1.5800% +    .1000
2.67529E+11,,FASTWAY #3 TACO BELL,USD,M667  MC-SMALL TICKET (DB),5/28/2013,21,181.97,3.6606,   1.5500% +    .0400
2.67529E+11,,FASTWAY #3 TACO BELL,USD,M668  MC-RESTAURANT (DB),5/28/2013,3,68.9,1.1199,   1.1900% +    .1000
2.67529E+11,,FASTWAY #3 TACO BELL,USD,MN02  MC-REG INCENT FRF ADJ POS (DB),5/28/2013,3,37.38,0.6787,   0.0500% +    .2200
2.67529E+11,,FASTWAY #3 TACO BELL,USD,V047  VI-CPS/SMALL TICKET,5/28/2013,3,21.68,0.4777,   1.6500% +    .0400
2.67529E+11,,FASTWAY #3 TACO BELL,USD,V647  VI-CPS SMALL TICKET (DB),5/28/2013,11,94.34,1.9022,   1.5500% +    .0400
2.67529E+11,,FASTWAY #3 TACO BELL,USD,V654  VI-CPS/RESTAURANT (DB),5/28/2013,5,85.3,1.5152,   1.1900% +    .1000
2.67529E+11,,FASTWAY #3 TACO BELL,USD,VN01  VI-US REGULATED (DB),5/28/2013,2,31.52,0.4557,   0.0500% +    .2200
2.67529E+11,,FASTWAY #3 TACO BELL,USD,VN02  VI-US CPS/SMALL TCKT REG (DB),5/28/2013,6,47.24,1.3436,   0.0500% +    .2200
2.67529E+11,,FASTWAY #3 TACO BELL,USD,VP47  VI-CPS SMALL TICKET (PP),5/28/2013,1,6.08,0.1473,   1.6000% +    .0500
2.67529E+11,,FASTWAY #3 TACO BELL,USD,VP54  VI-CPS/RESTAURANT (PP),5/28/2013,1,17.54,0.3517,   1.1500% +    .1500
2.67529E+11,,FASTWAY #3 TACO BELL,USD,M009  MC-DOMESTIC MERIT III,5/29/2013,2,10.31,0.3629,   1.5800% +    .1000
2.67529E+11,,FASTWAY #3 TACO BELL,USD,M667  MC-SMALL TICKET (DB),5/29/2013,32,189.37,4.2152,   1.5500% +    .0400
2.67529E+11,,FASTWAY #3 TACO BELL,USD,M668  MC-RESTAURANT (DB),5/29/2013,5,99.61,1.6854,   1.1900% +    .1000
2.67529E+11,,FASTWAY #3 TACO BELL,USD,M681  MC-KEY ENTERED (DB),5/29/2013,1,23.12,0.5199,   1.6000% +    .1500
2.67529E+11,,FASTWAY #3 TACO BELL,USD,MN02  MC-REG INCENT FRF ADJ POS (DB),5/29/2013,3,24.96,0.6725,   0.0500% +    .2200
2.67529E+11,,FASTWAY #3 TACO BELL,USD,V047  VI-CPS/SMALL TICKET,5/29/2013,3,16.07,0.3851,   1.6500% +    .0400
2.67529E+11,,FASTWAY #3 TACO BELL,USD,V647  VI-CPS SMALL TICKET (DB),5/29/2013,21,148.42,3.1402,   1.5500% +    .0400
2.67529E+11,,FASTWAY #3 TACO BELL,USD,V654  VI-CPS/RESTAURANT (DB),5/29/2013,8,166.16,2.7774,   1.1900% +    .1000
2.67529E+11,,FASTWAY #3 TACO BELL,USD,V680  VI-EIRF NON CPS ALL OTHER (DB),5/29/2013,5,41.94,1.734,   1.7500% +    .2000
2.67529E+11,,FASTWAY #3 TACO BELL,USD,VN02  VI-US CPS/SMALL TCKT REG (DB),5/29/2013,5,33.89,1.117,   0.0500% +    .2200
2.67529E+11,,FASTWAY #3 TACO BELL,USD,VN30  VI-BUSINESS CARD CP (DB),5/29/2013,1,4.65,0.1791,   1.7000% +    .1000
2.67529E+11,,FASTWAY #3 TACO BELL,USD,VP47  VI-CPS SMALL TICKET (PP),5/29/2013,5,53.17,1.1007,   1.6000% +    .0500
2.67529E+11,,FASTWAY #3 TACO BELL,USD,008  DSCVR PSL EXP SVC RW,5/30/2013,4,28.23,0.5506,   1.9500% +    .0000
2.67529E+11,,FASTWAY #3 TACO BELL,USD,M078  MC-WORLDCARD RESTAURANT,5/30/2013,1,3.8,0.1657,   1.7300% +    .1000
2.67529E+11,,FASTWAY #3 TACO BELL,USD,M145  MC-CORP T & E I(US) BUS,5/30/2013,1,13.98,0.3495,   2.5000% +    .0000
2.67529E+11,,FASTWAY #3 TACO BELL,USD,M309  MC-ENHANCED MERIT III BASE,5/30/2013,1,16.97,0.3936,   1.7300% +    .1000
2.67529E+11,,FASTWAY #3 TACO BELL,USD,M667  MC-SMALL TICKET (DB),5/30/2013,30,228.33,4.7392,   1.5500% +    .0400
2.67529E+11,,FASTWAY #3 TACO BELL,USD,M668  MC-RESTAURANT (DB),5/30/2013,4,83.12,1.3891,   1.1900% +    .1000
2.67529E+11,,FASTWAY #3 TACO BELL,USD,M681  MC-KEY ENTERED (DB),5/30/2013,1,7.15,0.2644,   1.6000% +    .1500
2.67529E+11,,FASTWAY #3 TACO BELL,USD,MN02  MC-REG INCENT FRF ADJ POS (DB),5/30/2013,3,36.89,0.6785,   0.0500% +    .2200
2.67529E+11,,FASTWAY #3 TACO BELL,USD,V047  VI-CPS/SMALL TICKET,5/30/2013,4,29.32,0.6439,   1.6500% +    .0400
2.67529E+11,,FASTWAY #3 TACO BELL,USD,V647  VI-CPS SMALL TICKET (DB),5/30/2013,30,204.16,4.3646,   1.5500% +    .0400
2.67529E+11,,FASTWAY #3 TACO BELL,USD,V654  VI-CPS/RESTAURANT (DB),5/30/2013,2,37.89,0.6509,   1.1900% +    .1000
2.67529E+11,,FASTWAY #3 TACO BELL,USD,V680  VI-EIRF NON CPS ALL OTHER (DB),5/30/2013,2,18.21,0.7187,   1.7500% +    .2000
2.67529E+11,,FASTWAY #3 TACO BELL,USD,VN01  VI-US REGULATED (DB),5/30/2013,1,15.87,0.2279,   0.0500% +    .2200
2.67529E+11,,FASTWAY #3 TACO BELL,USD,VN02  VI-US CPS/SMALL TCKT REG (DB),5/30/2013,9,62.85,2.0114,   0.0500% +    .2200
2.67529E+11,,FASTWAY #3 TACO BELL,USD,VN10  VI-US REGULATED COMM (DB),5/30/2013,1,4.89,0.2224,   0.0500% +    .2200
2.67529E+11,,FASTWAY #3 TACO BELL,USD,VP47  VI-CPS SMALL TICKET (PP),5/30/2013,4,33.88,0.7421,   1.6000% +    .0500
2.67529E+11,,FASTWAY #3 TACO BELL,USD,VP54  VI-CPS/RESTAURANT (PP),5/30/2013,2,40.21,0.7624,   1.1500% +    .1500
2.67529E+11,,FASTWAY #3 TACO BELL,USD,M145  MC-CORP T & E I(US) BUS,5/31/2013,1,23.12,0.578,   2.5000% +    .0000
2.67529E+11,,FASTWAY #3 TACO BELL,USD,M609  MC-DOMESTIC MERIT III (DB),5/31/2013,1,38.72,0.5566,   1.0500% +    .1500
2.67529E+11,,FASTWAY #3 TACO BELL,USD,M667  MC-SMALL TICKET (DB),5/31/2013,31,232.82,4.8488,   1.5500% +    .0400
2.67529E+11,,FASTWAY #3 TACO BELL,USD,M668  MC-RESTAURANT (DB),5/31/2013,4,88.07,1.448,   1.1900% +    .1000
2.67529E+11,,FASTWAY #3 TACO BELL,USD,M681  MC-KEY ENTERED (DB),5/31/2013,1,11.07,0.3271,   1.6000% +    .1500
2.67529E+11,,FASTWAY #3 TACO BELL,USD,MN01  MC-REG INCENTIVE POS (DB),5/31/2013,2,24.54,0.4323,   0.0500% +    .2100
2.67529E+11,,FASTWAY #3 TACO BELL,USD,MN02  MC-REG INCENT FRF ADJ POS (DB),5/31/2013,2,15.08,0.4475,   0.0500% +    .2200
2.67529E+11,,FASTWAY #3 TACO BELL,USD,V047  VI-CPS/SMALL TICKET,5/31/2013,5,37.54,0.8193,   1.6500% +    .0400
2.67529E+11,,FASTWAY #3 TACO BELL,USD,V114  VI-SIGNATURE CARD ELECTRONIC,5/31/2013,1,15.42,0.4547,   2.3000% +    .1000
2.67529E+11,,FASTWAY #3 TACO BELL,USD,V647  VI-CPS SMALL TICKET (DB),5/31/2013,22,149.11,3.1909,   1.5500% +    .0400
2.67529E+11,,FASTWAY #3 TACO BELL,USD,VN01  VI-US REGULATED (DB),5/31/2013,1,22.9,0.2315,   0.0500% +    .2200
2.67529E+11,,FASTWAY #3 TACO BELL,USD,VN02  VI-US CPS/SMALL TCKT REG (DB),5/31/2013,8,63.69,1.7918,   0.0500% +    .2200
2.67529E+11,,FASTWAY #3 TACO BELL,USD,VP47  VI-CPS SMALL TICKET (PP),5/31/2013,1,13.81,0.271,   1.6000% +    .0500
2.67529E+11,,FASTWAY #3 TACO BELL,USD,VP54  VI-CPS/RESTAURANT (PP),5/31/2013,1,16.3,0.3375,   1.1500% +    .1500
2.67529E+11,,FASTWAY #3 TACO BELL,USD,VP80  VI-EIRF NON CPS ALL OTHER (PP),5/31/2013,1,2.67,0.2481,   1.8000% +    .2000
2.67529E+11,,FASTWAY #3 TACO BELL,USD,008  DSCVR PSL EXP SVC RW,6/1/2013,2,8.26,0.1611,   1.9500% +    .0000
2.67529E+11,,FASTWAY #3 TACO BELL,USD,M009  MC-DOMESTIC MERIT III,6/1/2013,1,6.53,0.2032,   1.5800% +    .1000
2.67529E+11,,FASTWAY #3 TACO BELL,USD,M309  MC-ENHANCED MERIT III BASE,6/1/2013,2,24.8,0.629,   1.7300% +    .1000
2.67529E+11,,FASTWAY #3 TACO BELL,USD,M667  MC-SMALL TICKET (DB),6/1/2013,33,238.93,5.0238,   1.5500% +    .0400
2.67529E+11,,FASTWAY #3 TACO BELL,USD,M668  MC-RESTAURANT (DB),6/1/2013,2,35.01,0.6166,   1.1900% +    .1000
2.67529E+11,,FASTWAY #3 TACO BELL,USD,M681  MC-KEY ENTERED (DB),6/1/2013,1,11.47,0.3335,   1.6000% +    .1500
2.67529E+11,,FASTWAY #3 TACO BELL,USD,MN01  MC-REG INCENTIVE POS (DB),6/1/2013,1,12.92,0.2165,   0.0500% +    .2100
2.67529E+11,,FASTWAY #3 TACO BELL,USD,MN02  MC-REG INCENT FRF ADJ POS (DB),6/1/2013,1,2.5,0.2213,   0.0500% +    .2200
2.67529E+11,,FASTWAY #3 TACO BELL,USD,V047  VI-CPS/SMALL TICKET,6/1/2013,3,28.87,0.5963,   1.6500% +    .0400
2.67529E+11,,FASTWAY #3 TACO BELL,USD,V647  VI-CPS SMALL TICKET (DB),6/1/2013,19,135.61,2.862,   1.5500% +    .0400
2.67529E+11,,FASTWAY #3 TACO BELL,USD,V654  VI-CPS/RESTAURANT (DB),6/1/2013,5,94.69,1.6268,   1.1900% +    .1000
2.67529E+11,,FASTWAY #3 TACO BELL,USD,V680  VI-EIRF NON CPS ALL OTHER (DB),6/1/2013,1,6.06,0.3061,   1.7500% +    .2000
2.67529E+11,,FASTWAY #3 TACO BELL,USD,VN01  VI-US REGULATED (DB),6/1/2013,1,26.2,0.2331,   0.0500% +    .2200
2.67529E+11,,FASTWAY #3 TACO BELL,USD,VN02  VI-US CPS/SMALL TCKT REG (DB),6/1/2013,13,116.07,2.918,   0.0500% +    .2200
2.67529E+11,,FASTWAY #3 TACO BELL,USD,VN30  VI-BUSINESS CARD CP (DB),6/1/2013,1,5.43,0.1923,   1.7000% +    .1000
2.67529E+11,,FASTWAY #3 TACO BELL,USD,VP47  VI-CPS SMALL TICKET (PP),6/1/2013,4,31.02,0.6963,   1.6000% +    .0500
2.67529E+11,,FASTWAY #3 TACO BELL,USD,VP54  VI-CPS/RESTAURANT (PP),6/1/2013,1,17.39,0.35,   1.1500% +    .1500
2.67529E+11,,FASTWAY #3 TACO BELL,USD,011  DSCVR PSL REST RW,6/2/2013,1,23.04,0.5378,   1.9000% +    .1000
2.67529E+11,,FASTWAY #3 TACO BELL,USD,308  DSCVR PSL EXP SVC CR,6/2/2013,1,8.02,0.1564,   1.9500% +    .0000
2.67529E+11,,FASTWAY #3 TACO BELL,USD,M078  MC-WORLDCARD RESTAURANT,6/2/2013,1,10.66,0.2844,   1.7300% +    .1000
2.67529E+11,,FASTWAY #3 TACO BELL,USD,M667  MC-SMALL TICKET (DB),6/2/2013,24,212.89,4.2598,   1.5500% +    .0400
2.67529E+11,,FASTWAY #3 TACO BELL,USD,M668  MC-RESTAURANT (DB),6/2/2013,1,18.06,0.3149,   1.1900% +    .1000
2.67529E+11,,FASTWAY #3 TACO BELL,USD,MN02  MC-REG INCENT FRF ADJ POS (DB),6/2/2013,4,35.27,0.8976,   0.0500% +    .2200
2.67529E+11,,FASTWAY #3 TACO BELL,USD,V047  VI-CPS/SMALL TICKET,6/2/2013,1,12.19,0.2411,   1.6500% +    .0400
2.67529E+11,,FASTWAY #3 TACO BELL,USD,V647  VI-CPS SMALL TICKET (DB),6/2/2013,21,162.9,3.3651,   1.5500% +    .0400
2.67529E+11,,FASTWAY #3 TACO BELL,USD,V654  VI-CPS/RESTAURANT (DB),6/2/2013,6,116.04,1.981,   1.1900% +    .1000
2.67529E+11,,FASTWAY #3 TACO BELL,USD,V680  VI-EIRF NON CPS ALL OTHER (DB),6/2/2013,1,11.98,0.4097,   1.7500% +    .2000
2.67529E+11,,FASTWAY #3 TACO BELL,USD,VN02  VI-US CPS/SMALL TCKT REG (DB),6/2/2013,5,40.34,1.1202,   0.0500% +    .2200
2.67529E+11,,FASTWAY #3 TACO BELL,USD,VP47  VI-CPS SMALL TICKET (PP),6/2/2013,2,16.3,0.3608,   1.6000% +    .0500
2.67529E+11,,FASTWAY #3 TACO BELL,USD,VP54  VI-CPS/RESTAURANT (PP),6/2/2013,1,16.16,0.3358,   1.1500% +    .1500
2.67529E+11,,FASTWAY #3 TACO BELL,USD,008  DSCVR PSL EXP SVC RW,6/3/2013,1,4.99,0.0973,   1.9500% +    .0000
2.67529E+11,,FASTWAY #3 TACO BELL,USD,M009  MC-DOMESTIC MERIT III,6/3/2013,1,9.74,0.2539,   1.5800% +    .1000
2.67529E+11,,FASTWAY #3 TACO BELL,USD,M145  MC-CORP T & E I(US) BUS,6/3/2013,1,11.98,0.2995,   2.5000% +    .0000
2.67529E+11,,FASTWAY #3 TACO BELL,USD,M667  MC-SMALL TICKET (DB),6/3/2013,26,196.6,4.0877,   1.5500% +    .0400
2.67529E+11,,FASTWAY #3 TACO BELL,USD,M668  MC-RESTAURANT (DB),6/3/2013,8,150.23,2.5877,   1.1900% +    .1000
2.67529E+11,,FASTWAY #3 TACO BELL,USD,M681  MC-KEY ENTERED (DB),6/3/2013,1,32.37,0.6679,   1.6000% +    .1500
2.67529E+11,,FASTWAY #3 TACO BELL,USD,MN02  MC-REG INCENT FRF ADJ POS (DB),6/3/2013,2,34.07,0.4571,   0.0500% +    .2200
2.67529E+11,,FASTWAY #3 TACO BELL,USD,V047  VI-CPS/SMALL TICKET,6/3/2013,3,23.14,0.5018,   1.6500% +    .0400
2.67529E+11,,FASTWAY #3 TACO BELL,USD,V240  VI-CPS BUSINESS CARD T&E,6/3/2013,1,12.88,0.4091,   2.4000% +    .1000
2.67529E+11,,FASTWAY #3 TACO BELL,USD,V589  VI-BUS ENH ELECTRONIC T&E,6/3/2013,1,4.32,0.2688,   2.7500% +    .1500
2.67529E+11,,FASTWAY #3 TACO BELL,USD,V647  VI-CPS SMALL TICKET (DB),6/3/2013,21,184.55,3.7007,   1.5500% +    .0400
2.67529E+11,,FASTWAY #3 TACO BELL,USD,V654  VI-CPS/RESTAURANT (DB),6/3/2013,1,25.67,0.4055,   1.1900% +    .1000
2.67529E+11,,FASTWAY #3 TACO BELL,USD,VN01  VI-US REGULATED (DB),6/3/2013,2,37.74,0.4589,   0.0500% +    .2200
2.67529E+11,,FASTWAY #3 TACO BELL,USD,VN02  VI-US CPS/SMALL TCKT REG (DB),6/3/2013,7,55.58,1.5679,   0.0500% +    .2200
2.67529E+11,,FASTWAY #3 TACO BELL,USD,VP47  VI-CPS SMALL TICKET (PP),6/3/2013,1,2.39,0.0882,   1.6000% +    .0500
2.67529E+11,,FASTWAY #3 TACO BELL,USD,008  DSCVR PSL EXP SVC RW,6/4/2013,2,11.37,0.2217,   1.9500% +    .0000
2.67529E+11,,FASTWAY #3 TACO BELL,USD,M078  MC-WORLDCARD RESTAURANT,6/4/2013,1,12.47,0.3157,   1.7300% +    .1000
2.67529E+11,,FASTWAY #3 TACO BELL,USD,M145  MC-CORP T & E I(US) BUS,6/4/2013,1,13.64,0.341,   2.5000% +    .0000
2.67529E+11,,FASTWAY #3 TACO BELL,USD,M667  MC-SMALL TICKET (DB),6/4/2013,30,227.49,4.726,   1.5500% +    .0400
2.67529E+11,,FASTWAY #3 TACO BELL,USD,M668  MC-RESTAURANT (DB),6/4/2013,1,18.5,0.3202,   1.1900% +    .1000
2.67529E+11,,FASTWAY #3 TACO BELL,USD,V047  VI-CPS/SMALL TICKET,6/4/2013,2,8.77,0.2247,   1.6500% +    .0400
2.67529E+11,,FASTWAY #3 TACO BELL,USD,V240  VI-CPS BUSINESS CARD T&E,6/4/2013,1,4.89,0.2174,   2.4000% +    .1000
2.67529E+11,,FASTWAY #3 TACO BELL,USD,V249  VI-SIGNATURE PREFERRED CRP ELC,6/4/2013,1,2.71,0.165,   2.4000% +    .1000
2.67529E+11,,FASTWAY #3 TACO BELL,USD,V647  VI-CPS SMALL TICKET (DB),6/4/2013,18,125.7,2.6684,   1.5500% +    .0400
2.67529E+11,,FASTWAY #3 TACO BELL,USD,V654  VI-CPS/RESTAURANT (DB),6/4/2013,2,33.22,0.5953,   1.1900% +    .1000
2.67529E+11,,FASTWAY #3 TACO BELL,USD,VN01  VI-US REGULATED (DB),6/4/2013,1,17.25,0.2286,   0.0500% +    .2200
2.67529E+11,,FASTWAY #3 TACO BELL,USD,VN02  VI-US CPS/SMALL TCKT REG (DB),6/4/2013,7,48.56,1.5644,   0.0500% +    .2200
2.67529E+11,,FASTWAY #3 TACO BELL,USD,VP47  VI-CPS SMALL TICKET (PP),6/4/2013,5,30.72,0.7416,   1.6000% +    .0500
2.67529E+11,,FASTWAY #3 TACO BELL,USD,M009  MC-DOMESTIC MERIT III,6/5/2013,1,4.55,0.1719,   1.5800% +    .1000
2.67529E+11,,FASTWAY #3 TACO BELL,USD,M609  MC-DOMESTIC MERIT III (DB),6/5/2013,1,40.31,0.5733,   1.0500% +    .1500
2.67529E+11,,FASTWAY #3 TACO BELL,USD,M667  MC-SMALL TICKET (DB),6/5/2013,24,173.41,3.6479,   1.5500% +    .0400
2.67529E+11,,FASTWAY #3 TACO BELL,USD,M668  MC-RESTAURANT (DB),6/5/2013,4,74.67,1.2886,   1.1900% +    .1000
2.67529E+11,,FASTWAY #3 TACO BELL,USD,M681  MC-KEY ENTERED (DB),6/5/2013,3,8.89,0.5922,   1.6000% +    .1500
2.67529E+11,,FASTWAY #3 TACO BELL,USD,V047  VI-CPS/SMALL TICKET,6/5/2013,1,3.24,0.0935,   1.6500% +    .0400
2.67529E+11,,FASTWAY #3 TACO BELL,USD,V647  VI-CPS SMALL TICKET (DB),6/5/2013,24,160.6,3.4493,   1.5500% +    .0400
2.67529E+11,,FASTWAY #3 TACO BELL,USD,V654  VI-CPS/RESTAURANT (DB),6/5/2013,2,31.73,0.5776,   1.1900% +    .1000
2.67529E+11,,FASTWAY #3 TACO BELL,USD,V680  VI-EIRF NON CPS ALL OTHER (DB),6/5/2013,2,10.63,0.586,   1.7500% +    .2000
2.67529E+11,,FASTWAY #3 TACO BELL,USD,VN01  VI-US REGULATED (DB),6/5/2013,4,74.79,0.9174,   0.0500% +    .2200
2.67529E+11,,FASTWAY #3 TACO BELL,USD,VN02  VI-US CPS/SMALL TCKT REG (DB),6/5/2013,6,33.01,1.3365,   0.0500% +    .2200
2.67529E+11,,FASTWAY #3 TACO BELL,USD,VN09  VI-US REGULATED NON-CPS (DB),6/5/2013,1,5.44,0.2227,   0.0500% +    .2200
2.67529E+11,,FASTWAY #3 TACO BELL,USD,VN10  VI-US REGULATED COMM (DB),6/5/2013,1,5.98,0.223,   0.0500% +    .2200
2.67529E+11,,FASTWAY #3 TACO BELL,USD,VP47  VI-CPS SMALL TICKET (PP),6/5/2013,4,38.79,0.8207,   1.6000% +    .0500
2.67529E+11,,FASTWAY #3 TACO BELL,USD,VP54  VI-CPS/RESTAURANT (PP),6/5/2013,1,19.69,0.3764,   1.1500% +    .1500
2.67529E+11,,FASTWAY #3 TACO BELL,USD,008  DSCVR PSL EXP SVC RW,6/6/2013,1,12.73,0.2482,   1.9500% +    .0000
2.67529E+11,,FASTWAY #3 TACO BELL,USD,M309  MC-ENHANCED MERIT III BASE,6/6/2013,1,17.44,0.4017,   1.7300% +    .1000
2.67529E+11,,FASTWAY #3 TACO BELL,USD,M667  MC-SMALL TICKET (DB),6/6/2013,37,297.21,6.0869,   1.5500% +    .0400
2.67529E+11,,FASTWAY #3 TACO BELL,USD,M668  MC-RESTAURANT (DB),6/6/2013,4,68.64,1.2168,   1.1900% +    .1000
2.67529E+11,,FASTWAY #3 TACO BELL,USD,MN01  MC-REG INCENTIVE POS (DB),6/6/2013,1,4.55,0.2123,   0.0500% +    .2100
2.67529E+11,,FASTWAY #3 TACO BELL,USD,MN02  MC-REG INCENT FRF ADJ POS (DB),6/6/2013,2,15,0.4475,   0.0500% +    .2200
2.67529E+11,,FASTWAY #3 TACO BELL,USD,V047  VI-CPS/SMALL TICKET,6/6/2013,1,5.98,0.1387,   1.6500% +    .0400
2.67529E+11,,FASTWAY #3 TACO BELL,USD,V647  VI-CPS SMALL TICKET (DB),6/6/2013,22,152.11,3.2377,   1.5500% +    .0400
2.67529E+11,,FASTWAY #3 TACO BELL,USD,V654  VI-CPS/RESTAURANT (DB),6/6/2013,1,15.16,0.2804,   1.1900% +    .1000
2.67529E+11,,FASTWAY #3 TACO BELL,USD,V680  VI-EIRF NON CPS ALL OTHER (DB),6/6/2013,1,6.52,0.3141,   1.7500% +    .2000
2.67529E+11,,FASTWAY #3 TACO BELL,USD,VN01  VI-US REGULATED (DB),6/6/2013,2,38.81,0.4594,   0.0500% +    .2200
2.67529E+11,,FASTWAY #3 TACO BELL,USD,VN02  VI-US CPS/SMALL TCKT REG (DB),6/6/2013,7,39.61,1.5598,   0.0500% +    .2200
2.67529E+11,,FASTWAY #3 TACO BELL,USD,VN10  VI-US REGULATED COMM (DB),6/6/2013,1,11.83,0.2259,   0.0500% +    .2200
2.67529E+11,,FASTWAY #3 TACO BELL,USD,VP47  VI-CPS SMALL TICKET (PP),6/6/2013,4,26.71,0.6273,   1.6000% +    .0500
2.67529E+11,,FASTWAY #3 TACO BELL,USD,VP54  VI-CPS/RESTAURANT (PP),6/6/2013,1,16.24,0.3368,   1.1500% +    .1500
2.67529E+11,,FASTWAY #3 TACO BELL,USD,008  DSCVR PSL EXP SVC RW,6/7/2013,1,5.22,0.1018,   1.9500% +    .0000
2.67529E+11,,FASTWAY #3 TACO BELL,USD,M009  MC-DOMESTIC MERIT III,6/7/2013,1,7.6,0.2201,   1.5800% +    .1000
2.67529E+11,,FASTWAY #3 TACO BELL,USD,M078  MC-WORLDCARD RESTAURANT,6/7/2013,1,13.82,0.3391,   1.7300% +    .1000
2.67529E+11,,FASTWAY #3 TACO BELL,USD,M609  MC-DOMESTIC MERIT III (DB),6/7/2013,1,37.62,0.545,   1.0500% +    .1500
2.67529E+11,,FASTWAY #3 TACO BELL,USD,M667  MC-SMALL TICKET (DB),6/7/2013,36,275.37,5.7084,   1.5500% +    .0400
2.67529E+11,,FASTWAY #3 TACO BELL,USD,M668  MC-RESTAURANT (DB),6/7/2013,7,149.49,2.479,   1.1900% +    .1000
2.67529E+11,,FASTWAY #3 TACO BELL,USD,M681  MC-KEY ENTERED (DB),6/7/2013,2,12.9,0.5064,   1.6000% +    .1500
2.67529E+11,,FASTWAY #3 TACO BELL,USD,MN02  MC-REG INCENT FRF ADJ POS (DB),6/7/2013,3,18.56,0.6693,   0.0500% +    .2200
2.67529E+11,,FASTWAY #3 TACO BELL,USD,V047  VI-CPS/SMALL TICKET,6/7/2013,1,7.8,0.1687,   1.6500% +    .0400
2.67529E+11,,FASTWAY #3 TACO BELL,USD,V647  VI-CPS SMALL TICKET (DB),6/7/2013,26,198.71,4.1201,   1.5500% +    .0400
2.67529E+11,,FASTWAY #3 TACO BELL,USD,V654  VI-CPS/RESTAURANT (DB),6/7/2013,8,146.86,2.5475,   1.1900% +    .1000
2.67529E+11,,FASTWAY #3 TACO BELL,USD,V680  VI-EIRF NON CPS ALL OTHER (DB),6/7/2013,2,20.98,0.7672,   1.7500% +    .2000
2.67529E+11,,FASTWAY #3 TACO BELL,USD,VN01  VI-US REGULATED (DB),6/7/2013,2,41.46,0.4607,   0.0500% +    .2200
2.67529E+11,,FASTWAY #3 TACO BELL,USD,VN02  VI-US CPS/SMALL TCKT REG (DB),6/7/2013,4,33.81,0.8968,   0.0500% +    .2200
2.67529E+11,,FASTWAY #3 TACO BELL,USD,VP47  VI-CPS SMALL TICKET (PP),6/7/2013,3,22.91,0.5165,   1.6000% +    .0500
2.67529E+11,,FASTWAY #3 TACO BELL,USD,VP54  VI-CPS/RESTAURANT (PP),6/7/2013,2,35.51,0.7084,   1.1500% +    .1500
2.67529E+11,,FASTWAY #3 TACO BELL,USD,008  DSCVR PSL EXP SVC RW,6/8/2013,1,4.99,0.0973,   1.9500% +    .0000
2.67529E+11,,FASTWAY #3 TACO BELL,USD,M145  MC-CORP T & E I(US) BUS,6/8/2013,1,17.33,0.4333,   2.5000% +    .0000
2.67529E+11,,FASTWAY #3 TACO BELL,USD,M667  MC-SMALL TICKET (DB),6/8/2013,28,213.55,4.4304,   1.5500% +    .0400
2.67529E+11,,FASTWAY #3 TACO BELL,USD,M668  MC-RESTAURANT (DB),6/8/2013,11,219.2,3.7084,   1.1900% +    .1000
2.67529E+11,,FASTWAY #3 TACO BELL,USD,M681  MC-KEY ENTERED (DB),6/8/2013,1,1.68,0.1769,   1.6000% +    .1500
2.67529E+11,,FASTWAY #3 TACO BELL,USD,MA84  MC-COM T & E I(US) PURCH,6/8/2013,1,15.34,0.4065,   2.6500% +    .0000
2.67529E+11,,FASTWAY #3 TACO BELL,USD,MN02  MC-REG INCENT FRF ADJ POS (DB),6/8/2013,1,6.53,0.2233,   0.0500% +    .2200
2.67529E+11,,FASTWAY #3 TACO BELL,USD,V047  VI-CPS/SMALL TICKET,6/8/2013,3,14.9,0.3658,   1.6500% +    .0400
2.67529E+11,,FASTWAY #3 TACO BELL,USD,V054  VI-CPS/RESTAURANT CREDIT,6/8/2013,1,29.6,0.5558,   1.5400% +    .1000
2.67529E+11,,FASTWAY #3 TACO BELL,USD,V114  VI-SIGNATURE CARD ELECTRONIC,6/8/2013,1,16.33,0.4756,   2.3000% +    .1000
2.67529E+11,,FASTWAY #3 TACO BELL,USD,V589  VI-BUS ENH ELECTRONIC T&E,6/8/2013,1,11.94,0.4784,   2.7500% +    .1500
2.67529E+11,,FASTWAY #3 TACO BELL,USD,V647  VI-CPS SMALL TICKET (DB),6/8/2013,23,183.46,3.7637,   1.5500% +    .0400
2.67529E+11,,FASTWAY #3 TACO BELL,USD,V654  VI-CPS/RESTAURANT (DB),6/8/2013,2,36.66,0.6363,   1.1900% +    .1000
2.67529E+11,,FASTWAY #3 TACO BELL,USD,VN02  VI-US CPS/SMALL TCKT REG (DB),6/8/2013,11,84.81,2.4624,   0.0500% +    .2200
2.67529E+11,,FASTWAY #3 TACO BELL,USD,VP47  VI-CPS SMALL TICKET (PP),6/8/2013,8,64.05,1.4249,   1.6000% +    .0500
2.67529E+11,,FASTWAY #3 TACO BELL,USD,VP54  VI-CPS/RESTAURANT (PP),6/8/2013,1,23.96,0.4255,   1.1500% +    .1500
2.67529E+11,,FASTWAY #3 TACO BELL,USD,M063  MC-WORLDCARD - OTHER,6/9/2013,1,3.47,0.1798,   2.3000% +    .1000
2.67529E+11,,FASTWAY #3 TACO BELL,USD,M145  MC-CORP T & E I(US) BUS,6/9/2013,1,18.4,0.46,   2.5000% +    .0000
2.67529E+11,,FASTWAY #3 TACO BELL,USD,M667  MC-SMALL TICKET (DB),6/9/2013,29,214.55,4.4859,   1.5500% +    .0400
2.67529E+11,,FASTWAY #3 TACO BELL,USD,M668  MC-RESTAURANT (DB),6/9/2013,7,145.7,2.4337,   1.1900% +    .1000
2.67529E+11,,FASTWAY #3 TACO BELL,USD,MN02  MC-REG INCENT FRF ADJ POS (DB),6/9/2013,1,9.08,0.2245,   0.0500% +    .2200
2.67529E+11,,FASTWAY #3 TACO BELL,USD,V047  VI-CPS/SMALL TICKET,6/9/2013,1,5.62,0.1327,   1.6500% +    .0400
2.67529E+11,,FASTWAY #3 TACO BELL,USD,V647  VI-CPS SMALL TICKET (DB),6/9/2013,27,217.52,4.4517,   1.5500% +    .0400
2.67529E+11,,FASTWAY #3 TACO BELL,USD,V654  VI-CPS/RESTAURANT (DB),6/9/2013,4,78.25,1.3312,   1.1900% +    .1000
2.67529E+11,,FASTWAY #3 TACO BELL,USD,V680  VI-EIRF NON CPS ALL OTHER (DB),6/9/2013,1,11.72,0.4051,   1.7500% +    .2000
2.67529E+11,,FASTWAY #3 TACO BELL,USD,VN02  VI-US CPS/SMALL TCKT REG (DB),6/9/2013,4,27.97,0.894,   0.0500% +    .2200
2.67529E+11,,FASTWAY #3 TACO BELL,USD,VP47  VI-CPS SMALL TICKET (PP),6/9/2013,5,28.49,0.7059,   1.6000% +    .0500
2.67529E+11,,FASTWAY #3 TACO BELL,USD,VP54  VI-CPS/RESTAURANT (PP),6/9/2013,2,35.77,0.7113,   1.1500% +    .1500
2.67529E+11,,FASTWAY #3 TACO BELL,USD,008  DSCVR PSL EXP SVC RW,6/10/2013,1,7.46,0.1455,   1.9500% +    .0000
2.67529E+11,,FASTWAY #3 TACO BELL,USD,202  DSCVR COMML ELECT OTHER,6/10/2013,1,8.24,0.2895,   2.3000% +    .1000
2.67529E+11,,FASTWAY #3 TACO BELL,USD,M078  MC-WORLDCARD RESTAURANT,6/10/2013,1,9.76,0.2688,   1.7300% +    .1000
2.67529E+11,,FASTWAY #3 TACO BELL,USD,M667  MC-SMALL TICKET (DB),6/10/2013,30,243.17,4.9695,   1.5500% +    .0400
2.67529E+11,,FASTWAY #3 TACO BELL,USD,M668  MC-RESTAURANT (DB),6/10/2013,4,83.24,1.3905,   1.1900% +    .1000
2.67529E+11,,FASTWAY #3 TACO BELL,USD,M681  MC-KEY ENTERED (DB),6/10/2013,1,5.19,0.233,   1.6000% +    .1500
2.67529E+11,,FASTWAY #3 TACO BELL,USD,MN02  MC-REG INCENT FRF ADJ POS (DB),6/10/2013,2,12.93,0.4465,   0.0500% +    .2200
2.67529E+11,,FASTWAY #3 TACO BELL,USD,V047  VI-CPS/SMALL TICKET,6/10/2013,1,11.18,0.2245,   1.6500% +    .0400
2.67529E+11,,FASTWAY #3 TACO BELL,USD,V647  VI-CPS SMALL TICKET (DB),6/10/2013,11,86.6,1.7823,   1.5500% +    .0400
2.67529E+11,,FASTWAY #3 TACO BELL,USD,V654  VI-CPS/RESTAURANT (DB),6/10/2013,8,168.67,2.8072,   1.1900% +    .1000
2.67529E+11,,FASTWAY #3 TACO BELL,USD,VN01  VI-US REGULATED (DB),6/10/2013,4,86.11,0.923,   0.0500% +    .2200
2.67529E+11,,FASTWAY #3 TACO BELL,USD,VN02  VI-US CPS/SMALL TCKT REG (DB),6/10/2013,11,78.97,2.4594,   0.0500% +    .2200
2.67529E+11,,FASTWAY #3 TACO BELL,USD,VN09  VI-US REGULATED NON-CPS (DB),6/10/2013,2,17.07,0.4485,   0.0500% +    .2200
2.67529E+11,,FASTWAY #3 TACO BELL,USD,VP47  VI-CPS SMALL TICKET (PP),6/10/2013,4,30.11,0.6818,   1.6000% +    .0500
2.67529E+11,,FASTWAY #3 TACO BELL,USD,008  DSCVR PSL EXP SVC RW,6/11/2013,2,18.29,0.3567,   1.9500% +    .0000
2.67529E+11,,FASTWAY #3 TACO BELL,USD,M009  MC-DOMESTIC MERIT III,6/11/2013,1,2.16,0.1341,   1.5800% +    .1000
2.67529E+11,,FASTWAY #3 TACO BELL,USD,M078  MC-WORLDCARD RESTAURANT,6/11/2013,1,21.11,0.4652,   1.7300% +    .1000
2.67529E+11,,FASTWAY #3 TACO BELL,USD,M667  MC-SMALL TICKET (DB),6/11/2013,29,197.28,4.2178,   1.5500% +    .0400
2.67529E+11,,FASTWAY #3 TACO BELL,USD,M668  MC-RESTAURANT (DB),6/11/2013,4,79.61,1.3473,   1.1900% +    .1000
2.67529E+11,,FASTWAY #3 TACO BELL,USD,MN02  MC-REG INCENT FRF ADJ POS (DB),6/11/2013,3,11.8,0.6659,   0.0500% +    .2200
2.67529E+11,,FASTWAY #3 TACO BELL,USD,V047  VI-CPS/SMALL TICKET,6/11/2013,1,2.71,0.0847,   1.6500% +    .0400
2.67529E+11,,FASTWAY #3 TACO BELL,USD,V647  VI-CPS SMALL TICKET (DB),6/11/2013,18,128.62,2.7135,   1.5500% +    .0400
2.67529E+11,,FASTWAY #3 TACO BELL,USD,V654  VI-CPS/RESTAURANT (DB),6/11/2013,6,112.76,1.9419,   1.1900% +    .1000
2.67529E+11,,FASTWAY #3 TACO BELL,USD,V680  VI-EIRF NON CPS ALL OTHER (DB),6/11/2013,1,10.89,0.3906,   1.7500% +    .2000
2.67529E+11,,FASTWAY #3 TACO BELL,USD,VN02  VI-US CPS/SMALL TCKT REG (DB),6/11/2013,8,59.75,1.79,   0.0500% +    .2200
2.67529E+11,,FASTWAY #3 TACO BELL,USD,VP47  VI-CPS SMALL TICKET (PP),6/11/2013,5,36.36,0.8318,   1.6000% +    .0500
2.67529E+11,,FASTWAY #3 TACO BELL,USD,VP54  VI-CPS/RESTAURANT (PP),6/11/2013,1,16.35,0.338,   1.1500% +    .1500
2.67529E+11,,FASTWAY #3 TACO BELL,USD,008  DSCVR PSL EXP SVC RW,6/12/2013,1,3.58,0.0698,   1.9500% +    .0000
2.67529E+11,,FASTWAY #3 TACO BELL,USD,108  DSCVR PSL EXP SVC PR,6/12/2013,1,10.95,0.2135,   1.9500% +    .0000
2.67529E+11,,FASTWAY #3 TACO BELL,USD,M009  MC-DOMESTIC MERIT III,6/12/2013,1,6.73,0.2063,   1.5800% +    .1000
2.67529E+11,,FASTWAY #3 TACO BELL,USD,M667  MC-SMALL TICKET (DB),6/12/2013,38,278.98,5.8445,   1.5500% +    .0400
2.67529E+11,,FASTWAY #3 TACO BELL,USD,M668  MC-RESTAURANT (DB),6/12/2013,1,16.25,0.2934,   1.1900% +    .1000
2.67529E+11,,FASTWAY #3 TACO BELL,USD,MN02  MC-REG INCENT FRF ADJ POS (DB),6/12/2013,1,5.11,0.2226,   0.0500% +    .2200
2.67529E+11,,FASTWAY #3 TACO BELL,USD,V647  VI-CPS SMALL TICKET (DB),6/12/2013,21,144.05,3.0727,   1.5500% +    .0400
2.67529E+11,,FASTWAY #3 TACO BELL,USD,V654  VI-CPS/RESTAURANT (DB),6/12/2013,3,55.84,0.9645,   1.1900% +    .1000
2.67529E+11,,FASTWAY #3 TACO BELL,USD,VN01  VI-US REGULATED (DB),6/12/2013,1,17.95,0.229,   0.0500% +    .2200
2.67529E+11,,FASTWAY #3 TACO BELL,USD,VN02  VI-US CPS/SMALL TCKT REG (DB),6/12/2013,10,49.99,2.225,   0.0500% +    .2200
2.67529E+11,,FASTWAY #3 TACO BELL,USD,VN30  VI-BUSINESS CARD CP (DB),6/12/2013,1,18.1,0.4077,   1.7000% +    .1000
2.67529E+11,,FASTWAY #3 TACO BELL,USD,VP54  VI-CPS/RESTAURANT (PP),6/12/2013,3,55.37,1.0868,   1.1500% +    .1500
2.67529E+11,,FASTWAY #3 TACO BELL,USD,008  DSCVR PSL EXP SVC RW,6/13/2013,1,5.22,0.1018,   1.9500% +    .0000
2.67529E+11,,FASTWAY #3 TACO BELL,USD,011  DSCVR PSL REST RW,6/13/2013,2,37.75,0.9173,   1.9000% +    .1000
2.67529E+11,,FASTWAY #3 TACO BELL,USD,M078  MC-WORLDCARD RESTAURANT,6/13/2013,1,1.94,0.1336,   1.7300% +    .1000
2.67529E+11,,FASTWAY #3 TACO BELL,USD,M309  MC-ENHANCED MERIT III BASE,6/13/2013,3,9.66,0.4672,   1.7300% +    .1000
2.67529E+11,,FASTWAY #3 TACO BELL,USD,M667  MC-SMALL TICKET (DB),6/13/2013,25,179.33,3.7795,   1.5500% +    .0400
2.67529E+11,,FASTWAY #3 TACO BELL,USD,M668  MC-RESTAURANT (DB),6/13/2013,4,68.42,1.2142,   1.1900% +    .1000
2.67529E+11,,FASTWAY #3 TACO BELL,USD,M681  MC-KEY ENTERED (DB),6/13/2013,1,5.62,0.2399,   1.6000% +    .1500
2.67529E+11,,FASTWAY #3 TACO BELL,USD,MN02  MC-REG INCENT FRF ADJ POS (DB),6/13/2013,1,8.68,0.2243,   0.0500% +    .2200
2.67529E+11,,FASTWAY #3 TACO BELL,USD,MN10  MC-REGULATED FRD ADJ COMM (DB),6/13/2013,1,6.18,0.2231,   0.0500% +    .2200
2.67529E+11,,FASTWAY #3 TACO BELL,USD,V047  VI-CPS/SMALL TICKET,6/13/2013,3,14.65,0.3617,   1.6500% +    .0400
2.67529E+11,,FASTWAY #3 TACO BELL,USD,V647  VI-CPS SMALL TICKET (DB),6/13/2013,18,123.22,2.6299,   1.5500% +    .0400
2.67529E+11,,FASTWAY #3 TACO BELL,USD,V654  VI-CPS/RESTAURANT (DB),6/13/2013,3,104.58,1.5446,   1.1900% +    .1000
2.67529E+11,,FASTWAY #3 TACO BELL,USD,VN01  VI-US REGULATED (DB),6/13/2013,1,25.55,0.2328,   0.0500% +    .2200
2.67529E+11,,FASTWAY #3 TACO BELL,USD,VN02  VI-US CPS/SMALL TCKT REG (DB),6/13/2013,10,78.05,2.239,   0.0500% +    .2200
2.67529E+11,,FASTWAY #3 TACO BELL,USD,VP47  VI-CPS SMALL TICKET (PP),6/13/2013,2,24.85,0.4976,   1.6000% +    .0500
2.67529E+11,,FASTWAY #3 TACO BELL,USD,VP54  VI-CPS/RESTAURANT (PP),6/13/2013,1,19.46,0.3738,   1.1500% +    .1500
2.67529E+11,,FASTWAY #3 TACO BELL,USD,008  DSCVR PSL EXP SVC RW,6/14/2013,1,13.7,0.2672,   1.9500% +    .0000
2.67529E+11,,FASTWAY #3 TACO BELL,USD,M009  MC-DOMESTIC MERIT III,6/14/2013,1,3.58,0.1566,   1.5800% +    .1000
2.67529E+11,,FASTWAY #3 TACO BELL,USD,M145  MC-CORP T & E I(US) BUS,6/14/2013,1,6.19,0.1548,   2.5000% +    .0000
2.67529E+11,,FASTWAY #3 TACO BELL,USD,M309  MC-ENHANCED MERIT III BASE,6/14/2013,1,5.54,0.1958,   1.7300% +    .1000
2.67529E+11,,FASTWAY #3 TACO BELL,USD,M667  MC-SMALL TICKET (DB),6/14/2013,29,236.23,4.8214,   1.5500% +    .0400
2.67529E+11,,FASTWAY #3 TACO BELL,USD,M668  MC-RESTAURANT (DB),6/14/2013,7,130.29,2.2504,   1.1900% +    .1000
2.67529E+11,,FASTWAY #3 TACO BELL,USD,MN02  MC-REG INCENT FRF ADJ POS (DB),6/14/2013,2,14.34,0.4472,   0.0500% +    .2200
2.67529E+11,,FASTWAY #3 TACO BELL,USD,V047  VI-CPS/SMALL TICKET,6/14/2013,2,19.01,0.3937,   1.6500% +    .0400
2.67529E+11,,FASTWAY #3 TACO BELL,USD,V647  VI-CPS SMALL TICKET (DB),6/14/2013,23,176.43,3.6548,   1.5500% +    .0400
2.67529E+11,,FASTWAY #3 TACO BELL,USD,V654  VI-CPS/RESTAURANT (DB),6/14/2013,2,31.63,0.5764,   1.1900% +    .1000
2.67529E+11,,FASTWAY #3 TACO BELL,USD,V680  VI-EIRF NON CPS ALL OTHER (DB),6/14/2013,1,10.77,0.3885,   1.7500% +    .2000
2.67529E+11,,FASTWAY #3 TACO BELL,USD,VN01  VI-US REGULATED (DB),6/14/2013,3,59.26,0.6896,   0.0500% +    .2200
2.67529E+11,,FASTWAY #3 TACO BELL,USD,VN02  VI-US CPS/SMALL TCKT REG (DB),6/14/2013,9,58.99,2.0096,   0.0500% +    .2200
2.67529E+11,,FASTWAY #3 TACO BELL,USD,VP47  VI-CPS SMALL TICKET (PP),6/14/2013,4,25.03,0.6005,   1.6000% +    .0500
2.67529E+11,,FASTWAY #3 TACO BELL,USD,008  DSCVR PSL EXP SVC RW,6/15/2013,2,13.77,0.2686,   1.9500% +    .0000
2.67529E+11,,FASTWAY #3 TACO BELL,USD,M309  MC-ENHANCED MERIT III BASE,6/15/2013,2,25.43,0.6399,   1.7300% +    .1000
2.67529E+11,,FASTWAY #3 TACO BELL,USD,M667  MC-SMALL TICKET (DB),6/15/2013,20,164.47,3.3493,   1.5500% +    .0400
2.67529E+11,,FASTWAY #3 TACO BELL,USD,M668  MC-RESTAURANT (DB),6/15/2013,7,125.36,2.1919,   1.1900% +    .1000
2.67529E+11,,FASTWAY #3 TACO BELL,USD,M681  MC-KEY ENTERED (DB),6/15/2013,1,15.61,0.3998,   1.6000% +    .1500
2.67529E+11,,FASTWAY #3 TACO BELL,USD,MN02  MC-REG INCENT FRF ADJ POS (DB),6/15/2013,3,42.88,0.6814,   0.0500% +    .2200
2.67529E+11,,FASTWAY #3 TACO BELL,USD,MN06  MC-REG FRAUD ADJ UST GAF (DB),6/15/2013,1,7.62,0.2886,   0.9000% +    .2200
2.67529E+11,,FASTWAY #3 TACO BELL,USD,V047  VI-CPS/SMALL TICKET,6/15/2013,1,5.62,0.1327,   1.6500% +    .0400
2.67529E+11,,FASTWAY #3 TACO BELL,USD,V647  VI-CPS SMALL TICKET (DB),6/15/2013,19,138.71,2.91,   1.5500% +    .0400
2.67529E+11,,FASTWAY #3 TACO BELL,USD,V654  VI-CPS/RESTAURANT (DB),6/15/2013,4,81.99,1.3757,   1.1900% +    .1000
2.67529E+11,,FASTWAY #3 TACO BELL,USD,VN01  VI-US REGULATED (DB),6/15/2013,3,84.22,0.7021,   0.0500% +    .2200
2.67529E+11,,FASTWAY #3 TACO BELL,USD,VN02  VI-US CPS/SMALL TCKT REG (DB),6/15/2013,9,71.48,2.0158,   0.0500% +    .2200
2.67529E+11,,FASTWAY #3 TACO BELL,USD,VP47  VI-CPS SMALL TICKET (PP),6/15/2013,3,21.49,0.4938,   1.6000% +    .0500
2.67529E+11,,FASTWAY #3 TACO BELL,USD,VP54  VI-CPS/RESTAURANT (PP),6/15/2013,2,31.03,0.6568,   1.1500% +    .1500
2.67529E+11,,FASTWAY #3 TACO BELL,USD,M078  MC-WORLDCARD RESTAURANT,6/16/2013,1,13.42,0.3322,   1.7300% +    .1000
2.67529E+11,,FASTWAY #3 TACO BELL,USD,M667  MC-SMALL TICKET (DB),6/16/2013,30,234.49,4.8346,   1.5500% +    .0400
2.67529E+11,,FASTWAY #3 TACO BELL,USD,M668  MC-RESTAURANT (DB),6/16/2013,5,105.38,1.754,   1.1900% +    .1000
2.67529E+11,,FASTWAY #3 TACO BELL,USD,MN01  MC-REG INCENTIVE POS (DB),6/16/2013,1,8.88,0.2144,   0.0500% +    .2100
2.67529E+11,,FASTWAY #3 TACO BELL,USD,MN02  MC-REG INCENT FRF ADJ POS (DB),6/16/2013,2,16.07,0.448,   0.0500% +    .2200
2.67529E+11,,FASTWAY #3 TACO BELL,USD,V047  VI-CPS/SMALL TICKET,6/16/2013,2,13.56,0.3037,   1.6500% +    .0400
2.67529E+11,,FASTWAY #3 TACO BELL,USD,V647  VI-CPS SMALL TICKET (DB),6/16/2013,19,156.16,3.1806,   1.5500% +    .0400
2.67529E+11,,FASTWAY #3 TACO BELL,USD,V654  VI-CPS/RESTAURANT (DB),6/16/2013,2,38.83,0.6621,   1.1900% +    .1000
2.67529E+11,,FASTWAY #3 TACO BELL,USD,VN01  VI-US REGULATED (DB),6/16/2013,2,36.25,0.4581,   0.0500% +    .2200
2.67529E+11,,FASTWAY #3 TACO BELL,USD,VN02  VI-US CPS/SMALL TCKT REG (DB),6/16/2013,8,60.25,1.7901,   0.0500% +    .2200
2.67529E+11,,FASTWAY #3 TACO BELL,USD,VP47  VI-CPS SMALL TICKET (PP),6/16/2013,2,19.58,0.4133,   1.6000% +    .0500
2.67529E+11,,FASTWAY #3 TACO BELL,USD,M667  MC-SMALL TICKET (DB),6/17/2013,20,144.99,3.0475,   1.5500% +    .0400
2.67529E+11,,FASTWAY #3 TACO BELL,USD,M668  MC-RESTAURANT (DB),6/17/2013,6,140.15,2.2678,   1.1900% +    .1000
2.67529E+11,,FASTWAY #3 TACO BELL,USD,MN02  MC-REG INCENT FRF ADJ POS (DB),6/17/2013,1,1.08,0.2205,   0.0500% +    .2200
2.67529E+11,,FASTWAY #3 TACO BELL,USD,V047  VI-CPS/SMALL TICKET,6/17/2013,2,14.53,0.3197,   1.6500% +    .0400
2.67529E+11,,FASTWAY #3 TACO BELL,USD,V589  VI-BUS ENH ELECTRONIC T&E,6/17/2013,2,12.58,0.646,   2.7500% +    .1500
2.67529E+11,,FASTWAY #3 TACO BELL,USD,V647  VI-CPS SMALL TICKET (DB),6/17/2013,12,102.33,2.0661,   1.5500% +    .0400
2.67529E+11,,FASTWAY #3 TACO BELL,USD,V654  VI-CPS/RESTAURANT (DB),6/17/2013,6,139.73,2.2627,   1.1900% +    .1000
2.67529E+11,,FASTWAY #3 TACO BELL,USD,V680  VI-EIRF NON CPS ALL OTHER (DB),6/17/2013,1,7.06,0.3236,   1.7500% +    .2000
2.67529E+11,,FASTWAY #3 TACO BELL,USD,VN02  VI-US CPS/SMALL TCKT REG (DB),6/17/2013,5,24.84,1.1124,   0.0500% +    .2200
2.67529E+11,,FASTWAY #3 TACO BELL,USD,VP47  VI-CPS SMALL TICKET (PP),6/17/2013,2,17.98,0.3877,   1.6000% +    .0500
2.67529E+11,,FASTWAY #3 TACO BELL,USD,VP80  VI-EIRF NON CPS ALL OTHER (PP),6/17/2013,1,15.87,0.4857,   1.8000% +    .2000
2.67529E+11,,FASTWAY #3 TACO BELL,USD,008  DSCVR PSL EXP SVC RW,6/18/2013,1,5.22,0.1018,   1.9500% +    .0000
2.67529E+11,,FASTWAY #3 TACO BELL,USD,M125  MC-COM T & E I(US) FLEET,6/18/2013,1,5.43,0.1466,   2.7000% +    .0000
2.67529E+11,,FASTWAY #3 TACO BELL,USD,M309  MC-ENHANCED MERIT III BASE,6/18/2013,1,8.25,0.2427,   1.7300% +    .1000
2.67529E+11,,FASTWAY #3 TACO BELL,USD,M667  MC-SMALL TICKET (DB),6/18/2013,31,210.75,4.5064,   1.5500% +    .0400
2.67529E+11,,FASTWAY #3 TACO BELL,USD,M668  MC-RESTAURANT (DB),6/18/2013,5,105.28,1.7528,   1.1900% +    .1000
2.67529E+11,,FASTWAY #3 TACO BELL,USD,M681  MC-KEY ENTERED (DB),6/18/2013,1,6.27,0.2503,   1.6000% +    .1500
2.67529E+11,,FASTWAY #3 TACO BELL,USD,MN02  MC-REG INCENT FRF ADJ POS (DB),6/18/2013,2,13.58,0.4468,   0.0500% +    .2200
2.67529E+11,,FASTWAY #3 TACO BELL,USD,V047  VI-CPS/SMALL TICKET,6/18/2013,1,4.57,0.1154,   1.6500% +    .0400
2.67529E+11,,FASTWAY #3 TACO BELL,USD,V647  VI-CPS SMALL TICKET (DB),6/18/2013,29,197.39,4.2195,   1.5500% +    .0400
2.67529E+11,,FASTWAY #3 TACO BELL,USD,V654  VI-CPS/RESTAURANT (DB),6/18/2013,5,96.83,1.6523,   1.1900% +    .1000
2.67529E+11,,FASTWAY #3 TACO BELL,USD,V680  VI-EIRF NON CPS ALL OTHER (DB),6/18/2013,4,7.02,0.9228,   1.7500% +    .2000
2.67529E+11,,FASTWAY #3 TACO BELL,USD,VN01  VI-US REGULATED (DB),6/18/2013,1,15.9,0.228,   0.0500% +    .2200
2.67529E+11,,FASTWAY #3 TACO BELL,USD,VN02  VI-US CPS/SMALL TCKT REG (DB),6/18/2013,11,84.77,2.4623,   0.0500% +    .2200
2.67529E+11,,FASTWAY #3 TACO BELL,USD,VP47  VI-CPS SMALL TICKET (PP),6/18/2013,4,41.1,0.8576,   1.6000% +    .0500
2.67529E+11,,FASTWAY #3 TACO BELL,USD,VP54  VI-CPS/RESTAURANT (PP),6/18/2013,1,17.32,0.3492,   1.1500% +    .1500
2.67529E+11,,FASTWAY #3 TACO BELL,USD,M078  MC-WORLDCARD RESTAURANT,6/19/2013,1,5.44,0.1941,   1.7300% +    .1000
2.67529E+11,,FASTWAY #3 TACO BELL,USD,M381  MC-ENHANCED KEY ENTERED,6/19/2013,1,9.13,0.2863,   2.0400% +    .1000
2.67529E+11,,FASTWAY #3 TACO BELL,USD,M667  MC-SMALL TICKET (DB),6/19/2013,31,225.91,4.7417,   1.5500% +    .0400
2.67529E+11,,FASTWAY #3 TACO BELL,USD,M668  MC-RESTAURANT (DB),6/19/2013,6,122.01,2.052,   1.1900% +    .1000
2.67529E+11,,FASTWAY #3 TACO BELL,USD,M681  MC-KEY ENTERED (DB),6/19/2013,1,2.81,0.195,   1.6000% +    .1500
2.67529E+11,,FASTWAY #3 TACO BELL,USD,MN02  MC-REG INCENT FRF ADJ POS (DB),6/19/2013,2,14.75,0.4473,   0.0500% +    .2200
2.67529E+11,,FASTWAY #3 TACO BELL,USD,V047  VI-CPS/SMALL TICKET,6/19/2013,4,21.28,0.5111,   1.6500% +    .0400
2.67529E+11,,FASTWAY #3 TACO BELL,USD,V647  VI-CPS SMALL TICKET (DB),6/19/2013,22,132.52,2.9341,   1.5500% +    .0400
2.67529E+11,,FASTWAY #3 TACO BELL,USD,V654  VI-CPS/RESTAURANT (DB),6/19/2013,5,111.24,1.8236,   1.1900% +    .1000
2.67529E+11,,FASTWAY #3 TACO BELL,USD,V680  VI-EIRF NON CPS ALL OTHER (DB),6/19/2013,3,20.73,0.9627,   1.7500% +    .2000
2.67529E+11,,FASTWAY #3 TACO BELL,USD,VN01  VI-US REGULATED (DB),6/19/2013,3,72.73,0.6964,   0.0500% +    .2200
2.67529E+11,,FASTWAY #3 TACO BELL,USD,VN02  VI-US CPS/SMALL TCKT REG (DB),6/19/2013,10,67.1,2.2336,   0.0500% +    .2200
2.67529E+11,,FASTWAY #3 TACO BELL,USD,VP47  VI-CPS SMALL TICKET (PP),6/19/2013,4,32.72,0.7235,   1.6000% +    .0500
2.67529E+11,,FASTWAY #3 TACO BELL,USD,VP54  VI-CPS/RESTAURANT (PP),6/19/2013,1,21.9,0.4019,   1.1500% +    .1500
2.67529E+11,,FASTWAY #3 TACO BELL,USD,008  DSCVR PSL EXP SVC RW,6/20/2013,2,17.07,0.3329,   1.9500% +    .0000
2.67529E+11,,FASTWAY #3 TACO BELL,USD,M078  MC-WORLDCARD RESTAURANT,6/20/2013,1,19.71,0.441,   1.7300% +    .1000
2.67529E+11,,FASTWAY #3 TACO BELL,USD,M667  MC-SMALL TICKET (DB),6/20/2013,26,174.34,3.7422,   1.5500% +    .0400
2.67529E+11,,FASTWAY #3 TACO BELL,USD,M668  MC-RESTAURANT (DB),6/20/2013,5,100.49,1.6959,   1.1900% +    .1000
2.67529E+11,,FASTWAY #3 TACO BELL,USD,MN02  MC-REG INCENT FRF ADJ POS (DB),6/20/2013,1,6.5,0.2233,   0.0500% +    .2200
2.67529E+11,,FASTWAY #3 TACO BELL,USD,V047  VI-CPS/SMALL TICKET,6/20/2013,2,15.33,0.3329,   1.6500% +    .0400
2.67529E+11,,FASTWAY #3 TACO BELL,USD,V054  VI-CPS/RESTAURANT CREDIT,6/20/2013,2,35.7,0.7498,   1.5400% +    .1000
2.67529E+11,,FASTWAY #3 TACO BELL,USD,V647  VI-CPS SMALL TICKET (DB),6/20/2013,23,162.38,3.4369,   1.5500% +    .0400
2.67529E+11,,FASTWAY #3 TACO BELL,USD,V654  VI-CPS/RESTAURANT (DB),6/20/2013,3,65.87,1.0838,   1.1900% +    .1000
2.67529E+11,,FASTWAY #3 TACO BELL,USD,V680  VI-EIRF NON CPS ALL OTHER (DB),6/20/2013,3,14.43,0.8526,   1.7500% +    .2000
2.67529E+11,,FASTWAY #3 TACO BELL,USD,VN01  VI-US REGULATED (DB),6/20/2013,1,15.33,0.2277,   0.0500% +    .2200
2.67529E+11,,FASTWAY #3 TACO BELL,USD,VN02  VI-US CPS/SMALL TCKT REG (DB),6/20/2013,16,106.46,3.5732,   0.0500% +    .2200
2.67529E+11,,FASTWAY #3 TACO BELL,USD,VP47  VI-CPS SMALL TICKET (PP),6/20/2013,1,2.81,0.095,   1.6000% +    .0500
2.67529E+11,,FASTWAY #3 TACO BELL,USD,VP54  VI-CPS/RESTAURANT (PP),6/20/2013,1,18.76,0.3657,   1.1500% +    .1500
2.67529E+11,,FASTWAY #3 TACO BELL,USD,202  DSCVR COMML ELECT OTHER,6/21/2013,1,8.33,0.2916,   2.3000% +    .1000
2.67529E+11,,FASTWAY #3 TACO BELL,USD,408  DSCVR PSL EXP SVC PP,6/21/2013,1,7.44,0.1525,   2.0500% +    .0000
2.67529E+11,,FASTWAY #3 TACO BELL,USD,M009  MC-DOMESTIC MERIT III,6/21/2013,1,9.13,0.2443,   1.5800% +    .1000
2.67529E+11,,FASTWAY #3 TACO BELL,USD,M667  MC-SMALL TICKET (DB),6/21/2013,23,181.44,3.7324,   1.5500% +    .0400
2.67529E+11,,FASTWAY #3 TACO BELL,USD,M668  MC-RESTAURANT (DB),6/21/2013,7,143.35,2.4059,   1.1900% +    .1000
2.67529E+11,,FASTWAY #3 TACO BELL,USD,MN02  MC-REG INCENT FRF ADJ POS (DB),6/21/2013,2,28.63,0.4543,   0.0500% +    .2200
2.67529E+11,,FASTWAY #3 TACO BELL,USD,V047  VI-CPS/SMALL TICKET,6/21/2013,1,5.62,0.1327,   1.6500% +    .0400
2.67529E+11,,FASTWAY #3 TACO BELL,USD,V249  VI-SIGNATURE PREFERRED CRP ELC,6/21/2013,1,9.74,0.3338,   2.4000% +    .1000
2.67529E+11,,FASTWAY #3 TACO BELL,USD,V647  VI-CPS SMALL TICKET (DB),6/21/2013,26,175.93,3.767,   1.5500% +    .0400
2.67529E+11,,FASTWAY #3 TACO BELL,USD,V654  VI-CPS/RESTAURANT (DB),6/21/2013,6,121.8,2.0495,   1.1900% +    .1000
2.67529E+11,,FASTWAY #3 TACO BELL,USD,V680  VI-EIRF NON CPS ALL OTHER (DB),6/21/2013,1,5.31,0.2929,   1.7500% +    .2000
2.67529E+11,,FASTWAY #3 TACO BELL,USD,VN01  VI-US REGULATED (DB),6/21/2013,3,59.01,0.6896,   0.0500% +    .2200
2.67529E+11,,FASTWAY #3 TACO BELL,USD,VN02  VI-US CPS/SMALL TCKT REG (DB),6/21/2013,5,33.93,1.117,   0.0500% +    .2200
2.67529E+11,,FASTWAY #3 TACO BELL,USD,VP47  VI-CPS SMALL TICKET (PP),6/21/2013,5,37.23,0.8456,   1.6000% +    .0500
